name,address,url,limit
0 KM PNEUS EIRELI, 0 KM PNEUS EIRELI, 0 KM PNEUS EIRELI, 1
$ 295 GUYS - POWAY, $ 295 GUYS - POWAY, $ 295 GUYS - POWAY, 1
TETRA PAK,CALLE 100 T.C OF 209 8A-55  BOGOTA COLOMBIA  00000 PERU,https://ers-dev.ds.qa.everstream.ai/er/bestmatch,1
CATERPILLAR WORK TOOLS,BALDERSON BLVD  600  WAMEGO  66547 UNITED STATES OF AMERICA,https://ers-dev.ds.qa.everstream.ai/er/bestmatch,1
THE QUAKER OATS,W MONROE ST  555  CHICAGO  60661 UNITED STATES OF AMERICA,https://ers-dev.ds.qa.everstream.ai/er/bestmatch,1
ARTE Y DISEBO DE GUATEMALA,20 CALLE 20-56 CONDOMINIO 20-20  APTO 12A  GUATEMALA  00000 GUATEMALA,https://ers-dev.ds.qa.everstream.ai/er/bestmatch,1
VICTORY PACKAGING DE MEXICO S DE R.L DE,AV. JUAN PABLO II 2750 COL. PROFESORA MARIA MARTINEZ  2750  JUAREZ  32575 UNITED STATES OF AMERICA,https://ers-dev.ds.qa.everstream.ai/er/bestmatch,1
CAESARS PROFESSIONAL PRODUCTS,E 26 TH STREET  6677  COMMERCE  90040 UNITED STATES OF AMERICA,https://ers-dev.ds.qa.everstream.ai/er/bestmatch,1
GENESIS INFO TEK,SUNSET TRAIL  34623N  CAVE CREEK ,ARIZONA  85331 UNITED STATES OF AMERICA,https://ers-dev.ds.qa.everstream.ai/er/bestmatch,1
GRUPO ESTRADA LLANOS,AV PRINCIPAL    CARVAJAL   VENEZUELA,https://ers-dev.ds.qa.everstream.ai/er/bestmatch,1
VERITIV OPERATING,MARKET AVENUE  6839  EL PASO TEXAS  79915 UNITED STATES OF AMERICA,https://ers-dev.ds.qa.everstream.ai/er/bestmatch,1
HISCO INC NOGALES CO BORDER PRO LOGISTIC LLC,NORTH INDUSTRIAL PARK DR B 1370  NOGALES  85628 UNITED STATES OF AMERICA,https://ers-dev.ds.qa.everstream.ai/er/bestmatch,1
EURODRIP USA,UNITED STATES OF AMERICA,https://ers-dev.ds.qa.everstream.ai/er/bestmatch,1
EMPRESA NACIONAL DE AERONAUTICA DE CHILE,GRAN AVENIDA JOSE MIGUEL CARRERA  11087  EL BOSQUE   CHILE,https://ers-dev.ds.qa.everstream.ai/er/bestmatch,1
LAMPARAS Y MATERIALES EL MARQUES,CALLE EL CARMEN CON 3A TRANSVERSAL  EDIFICIO 6  CARACAS  01071 VENEZUELA,https://ers-dev.ds.qa.everstream.ai/er/bestmatch,1
TECATE METAL MANUFACTURING,UNITED STATES OF AMERICA,https://ers-dev.ds.qa.everstream.ai/er/bestmatch,1
BLUE GREEN ORGANICS,RECORD CROSSING RD.  1923  DALLAS  75235 UNITED STATES OF AMERICA,https://ers-dev.ds.qa.everstream.ai/er/bestmatch,1
HART DESIGN MANUFACTURING,UNITED STATES OF AMERICA,https://ers-dev.ds.qa.everstream.ai/er/bestmatch,1
BTM EQUIPMENT,ATLANTA DRIVE,  14419  LAREDO  78045 UNITED STATES OF AMERICA,https://ers-dev.ds.qa.everstream.ai/er/bestmatch,1
ADIENT SYCAMORE,BETHANY RD  1701  SYCAMORE ILLINOIS  60178 UNITED STATES OF AMERICA,https://ers-dev.ds.qa.everstream.ai/er/bestmatch,1
JOHN CRANE COLOMBIA,CALLE 46 A 14 82/54  SAN CAYETANO BOGOTA  00000 COLOMBIA,https://ers-dev.ds.qa.everstream.ai/er/bestmatch,1
NO LIMITS PRODUCE,S EASTMAN AVE  1351  COMMERCA  90023 UNITED STATES OF AMERICA,https://ers-dev.ds.qa.everstream.ai/er/bestmatch,1
FAURECIA INTERIOR SYSTEM,INDUSTRIAL PARK DRIVE  1401  TUSCALOOSA AL  35401 UNITED STATES OF AMERICA,https://ers-dev.ds.qa.everstream.ai/er/bestmatch,1
MPA INTERNATIONAL,LE CONTE DRIVE  7453  EL PASO, TEXAS  79912 UNITED STATES OF AMERICA,https://ers-dev.ds.qa.everstream.ai/er/bestmatch,1
PATTON SALES,E. CALIFORNIA ST.  1095  SAN BERNARDINO  91762 UNITED STATES OF AMERICA,https://ers-dev.ds.qa.everstream.ai/er/bestmatch,1
FASTENAL,THEURER BLVD.  2001  WINONA, WINONA, MINNESOTA  55987 UNITED STATES OF AMERICA,https://ers-dev.ds.qa.everstream.ai/er/bestmatch,1
NISSAN GROUP OF NORTH AMERICA,NISSAN POWERTRAIN DR.  520  DECHERD  37324 UNITED STATES OF AMERICA,https://ers-dev.ds.qa.everstream.ai/er/bestmatch,1
THE BOLER COMPANY CO JS GLOBAL,HENDRICKSON DRIVE  655  LEBANON  40033 UNITED STATES OF AMERICA,https://ers-dev.ds.qa.everstream.ai/er/bestmatch,1
TORO PRINCIPAL MANUFACTURING,SPELLBROOK    BISHOPS STORTFORD  CM234BU UNITED KINGDOM,https://ers-dev.ds.qa.everstream.ai/er/bestmatch,1
MASTRONARDI PRODUCE,ROAD 4 EAST  2100  KINGSVILLE  N9Y2E5 CANADA,https://ers-dev.ds.qa.everstream.ai/er/bestmatch,1
CATERPILLAR INC NORTH AMERICA MOTOR,FAULKNER LAKE RD  9201  NORTH LITTLE ROCK  72117 UNITED STATES OF AMERICA,https://ers-dev.ds.qa.everstream.ai/er/bestmatch,1
PAGSA PARTES AUTOMOTRICES GEO S.A.DE,BO.SUYAPA 10 CALLE, 13 Y 14 AVE.    SAN PEDRO SULA,HONDURAS,C.A.   HONDURAS,https://ers-dev.ds.qa.everstream.ai/er/bestmatch,1
NATIONAL WELDING PROCESS,UNITED STATES OF AMERICA,https://ers-dev.ds.qa.everstream.ai/er/bestmatch,1
INAGRO ANTIGUA SOCIEDAD ANONIMA,LOTE 7 SECCION B SAN PEDRO EL PANORAMA APARTAMENTO 1  1  SACATEPEQUEZ  1057 GUATEMALA,https://ers-dev.ds.qa.everstream.ai/er/bestmatch,1
COMERCIAL FILA,GASPAR POLANCO  119  BELLA VISTA SANTO DOMINGO   DOMINICAN REPUBLIC,https://ers-dev.ds.qa.everstream.ai/er/bestmatch,1
POWERSTOP,UNITED STATES OF AMERICA,https://ers-dev.ds.qa.everstream.ai/er/bestmatch,1
WABTEC MANUFACTURING,UNITED STATES OF AMERICA,https://ers-dev.ds.qa.everstream.ai/er/bestmatch,1
COLGATE PALMOLIVE DEL ECUADOR S.A.I,KM.16.5 VIA A DAULE    GUAYAS,GUAYAQUIL  90150 ECUADOR,https://ers-dev.ds.qa.everstream.ai/er/bestmatch,1
DOONEY BOURKE INTERNATIONAL ENTERPRISES,REGENT STREET  1  NORWALK CT  06855 UNITED STATES OF AMERICA,https://ers-dev.ds.qa.everstream.ai/er/bestmatch,1
PHILADELPHIA PLASTIC RECYCLING,CONSHOHOCKEN ROAD SUITE 209 1013  CONSHOHOCKEN  19428 UNITED STATES OF AMERICA,https://ers-dev.ds.qa.everstream.ai/er/bestmatch,1
PROVEEDURIA TOTAL,700 METROS SUR DE LA AGENCIA    DEL ICE EN SAN PEDRO SAN JOSE  10106 COSTA RICA,https://ers-dev.ds.qa.everstream.ai/er/bestmatch,1
MARIA VICTORIA,SQUIRES DRIVE  119  LAKEWAY  78734 UNITED STATES OF AMERICA,https://ers-dev.ds.qa.everstream.ai/er/bestmatch,1
MONTERO FARM 'S,UNITED STATES OF AMERICA,https://ers-dev.ds.qa.everstream.ai/er/bestmatch,1
GRUPO PENAFONTE,21 CALLE 5-23    GUATEMALA  01014 GUATEMALA,https://ers-dev.ds.qa.everstream.ai/er/bestmatch,1
HEB GROCERY,UNITED STATES OF AMERICA,https://ers-dev.ds.qa.everstream.ai/er/bestmatch,1
GIM PACKAGING SUPPLIES,SMOKEY LANE  1982  NOGALES  85621 UNITED STATES OF AMERICA,https://ers-dev.ds.qa.everstream.ai/er/bestmatch,1
WALKERMANUFACTURINGLITCHFIELD,ANDERSONROAD  929  LITCHFIELD  49252 UNITED STATES OF AMERICA,https://ers-dev.ds.qa.everstream.ai/er/bestmatch,1
CORPORACION DE TIENDAS INTERNACIO NALES DE,EL SALVADOR,https://ers-dev.ds.qa.everstream.ai/er/bestmatch,1
WENZHOU SCHUMACHER COMMERCE CO,ALONG THE STREET C 107  WENZHOU  00000 CHINA,https://ers-dev.ds.qa.everstream.ai/er/bestmatch,1
GRUPO SANCHEZ PERU S.A.C,JR. LOS FORESTALES  567  LA MOLINA LIMA  11000 PERU,https://ers-dev.ds.qa.everstream.ai/er/bestmatch,1
KUFFERATH USA,CACTUS SPINE LN  7273  EL PASO  79912-1759 UNITED STATES OF AMERICA,https://ers-dev.ds.qa.everstream.ai/er/bestmatch,1
SAQUI SHOES LLC DVA SAQUI NAILS,W VINE STREET SUITE 15 3831  MALL PLAZA DEL SOL KISSIMMEE FLORIDA  34741 UNITED STATES OF AMERICA,https://ers-dev.ds.qa.everstream.ai/er/bestmatch,1
NEXTEER AUTOMOTIVE POLAND,POLAND,https://ers-dev.ds.qa.everstream.ai/er/bestmatch,1
INNOPHOS,PROSPECT PLAINS ROAD BLD A  259  CRANBURY  08512 4000 UNITED STATES OF AMERICA,https://ers-dev.ds.qa.everstream.ai/er/bestmatch,1
WESTERN TILE MARBLE CONTRACTORS,136TH PL NE  1880  , BELLEVUE, WA  98005 UNITED STATES OF AMERICA,https://ers-dev.ds.qa.everstream.ai/er/bestmatch,1
JOSE LUIS PEREZ,NE 15 TH ST  301  MILTON FREEWATER,OR  97862 UNITED STATES OF AMERICA,https://ers-dev.ds.qa.everstream.ai/er/bestmatch,1
INTERLAB,AVENIDA PETAPA  33-77 Z.12  COMERCIAL PETAPA XPRESS SANTA ELISA GUATEMALA  502 GUATEMALA,https://ers-dev.ds.qa.everstream.ai/er/bestmatch,1
MAISOR,MAGALLANES 1910   MONTEVIDEO   URUGUAY,https://ers-dev.ds.qa.everstream.ai/er/bestmatch,1
EMPRESA IMPORTADORA PALCO,CALLE 146 B ENTRE 9NA Y 9NA  NO 905  PROVINCIA LA HABANA  11300 CUBA,https://ers-dev.ds.qa.everstream.ai/er/bestmatch,1
GENETICA GANADERA DE,51 AVENIDA NORTE 58 COL. FLOR BLANCA,    SAN SALVADOR, C.A.  01147 EL SALVADOR,https://ers-dev.ds.qa.everstream.ai/er/bestmatch,1
MILES IMPORT,RUE DE LA CORDEIRE, CENTRA 310  5  RUNGIS CEDEX  94586 FRANCE,https://ers-dev.ds.qa.everstream.ai/er/bestmatch,1
SOLO MODA SOCIEDAD ANONIMA,BODEMAX LAS BRISAS ZONA 6 BODEGA 5 KM 16.5    COL. CARRETERA A SAN JUAN MIXCO GUATEMALA   GUATEMALA,https://ers-dev.ds.qa.everstream.ai/er/bestmatch,1
CA AUTOMOTIVE DURANGO S DE RL DE,LOTES 2122232425 Y 26  MANZANA 1  DURANGO  34304 MEXICO,https://ers-dev.ds.qa.everstream.ai/er/bestmatch,1
MSB PLASTIC MFG,DISCO RD.  10  ETOBICOKE  M9W1L7 CANADA,https://ers-dev.ds.qa.everstream.ai/er/bestmatch,1
NISSAN NORTH AMERICA,NISSAN BLVD  983  SMYRNA  37167 UNITED STATES OF AMERICA,https://ers-dev.ds.qa.everstream.ai/er/bestmatch,1
INC,CUYO MARTINEZ 1640  3367  BUENOS AIRES   ARGENTINA,https://ers-dev.ds.qa.everstream.ai/er/bestmatch,1
GENESIS IMPORT EXPORT,UNITED STATES OF AMERICA,https://ers-dev.ds.qa.everstream.ai/er/bestmatch,1
MAIS INDUSTRIES,AVENIDA DE LA FUENTE SUIT 3 8684  SAN DIEGO  92154 UNITED STATES OF AMERICA,https://ers-dev.ds.qa.everstream.ai/er/bestmatch,1
DENSO MANUFACTURING,HOLLAND FASOR  14  SZEKESFEHERVAR  8000 HUNGARY,https://ers-dev.ds.qa.everstream.ai/er/bestmatch,1
NAGASAWA KEIKO,JAPAN,https://ers-dev.ds.qa.everstream.ai/er/bestmatch,1
CATRINKA,CLINTON  414  BROOKLYN, NEW YORK  11231 UNITED STATES OF AMERICA,https://ers-dev.ds.qa.everstream.ai/er/bestmatch,1
DAY LEE FOODS,HERITAGE PARK DR SUITE 111 10350  SANTA FE SPRINGS  90670 UNITED STATES OF AMERICA,https://ers-dev.ds.qa.everstream.ai/er/bestmatch,1
NESTLE HONDURENA,PRIMERA CALLE DETRAS DE CINSA,  209  TEGUCIGALPA LEMPIRA  009999 HONDURAS,https://ers-dev.ds.qa.everstream.ai/er/bestmatch,1
BOS INTERNATIONAL,HEREDIALA ASUNCION DE BELEN NO. Y 50 ES    COL.WATER LAND HEREDIA  40703 COSTA RICA,https://ers-dev.ds.qa.everstream.ai/er/bestmatch,1
FLOWSERVE US,DAVEY RD  1020  WOODRIDGE, ILLINOIS  60517 UNITED STATES OF AMERICA,https://ers-dev.ds.qa.everstream.ai/er/bestmatch,1
IMPORTACIONES UNIVERSO,CALLE 1 LLANO BONITO    JUAN DIAZ PANAMA   PANAMA,https://ers-dev.ds.qa.everstream.ai/er/bestmatch,1
HI TORQUE,TOOHEY ROAD  11  WETHERILL PARK, NSW  2164 AUSTRALIA,https://ers-dev.ds.qa.everstream.ai/er/bestmatch,1
CONTINENTAL AUTOMOTIVE ROMANIA,STR.SIEMENS  1  TIMISOARA  300704 UNITED STATES OF AMERICA,https://ers-dev.ds.qa.everstream.ai/er/bestmatch,1
WIRECO WORLDGROUP,NW AMBASSADOR DRIVE  12200  KANSAS CITY  64163 UNITED STATES OF AMERICA,https://ers-dev.ds.qa.everstream.ai/er/bestmatch,1
TULCINGO PLAZA,N PULASKI RD.  4038  CHICAGO IL  60641 UNITED STATES OF AMERICA,https://ers-dev.ds.qa.everstream.ai/er/bestmatch,1
FCA FIAT CHRYSLER AUTOMOVEIS BRASIL,ROD. BR101 NORTE    NOVA GOIANA GOIANA PE  55900-000 BRAZIL,https://ers-dev.ds.qa.everstream.ai/er/bestmatch,1
CONTINENTAL AUTOMOTIVE SYSTEMS,EXECUTIVE HILLS DRIVE  2400  AUBURN HILLS MI  48326 UNITED STATES OF AMERICA,https://ers-dev.ds.qa.everstream.ai/er/bestmatch,1
KAUTEX,STEPHENSON HWY.  750    48083 UNITED STATES OF AMERICA,https://ers-dev.ds.qa.everstream.ai/er/bestmatch,1
ROLANDO CABELLO,UNITED STATES OF AMERICA,https://ers-dev.ds.qa.everstream.ai/er/bestmatch,1
REPRESENTACIONES SUPERCOMERCIALES,40 CALLE 46 22  ZONA 12   GUATEMALA,https://ers-dev.ds.qa.everstream.ai/er/bestmatch,1
GROWER DIRECT MARKETING,BEYER LANE  2097  STOCKTON  95215 UNITED STATES OF AMERICA,https://ers-dev.ds.qa.everstream.ai/er/bestmatch,1
BODEGA FARMACEUTICA,AVENIDA BOLIVAR 84 40  , ZONA 3, GUATEMALA  01003 GUATEMALA,https://ers-dev.ds.qa.everstream.ai/er/bestmatch,1
ROBERT JAMES ECHTER DBA FOX POINTS FARMS,QUAIL GARDENS DRIVE  1150  ENCINITAS CA  92024 UNITED STATES OF AMERICA,https://ers-dev.ds.qa.everstream.ai/er/bestmatch,1
TRAFIGURA,10 COLLYER QUAY  29-00  SINGAPORE  049315 SINGAPORE,https://ers-dev.ds.qa.everstream.ai/er/bestmatch,1
PIJAM RECYCLING,ROLL DRIVE SUITE 1501 2498  SAN DIEGO  92154 UNITED STATES OF AMERICA,https://ers-dev.ds.qa.everstream.ai/er/bestmatch,1
WAGNER SPRAY TECH,FERNBROOK LANE  1770  PLYMOUTH MINNESOTA  55447 UNITED STATES OF AMERICA,https://ers-dev.ds.qa.everstream.ai/er/bestmatch,1
CALZADO FINO S A,KM 18.5 CARRETERA A SAN JUAN SACATEPEQUEZ COL. ALDEA EL NARANJITO    ZONA 6 MIXCO GUATEMALA  01058 GUATEMALA,https://ers-dev.ds.qa.everstream.ai/er/bestmatch,1
MAR VIVIENTE INTERNATIONAL LLC DBA LIVING SEA FISH,E.COMMONWEALTH STE C 1105  FULLERTON  92831 UNITED STATES OF AMERICA,https://ers-dev.ds.qa.everstream.ai/er/bestmatch,1
PAGAZA MARKETING GROUP,NORTHWEST FREEWAY  15710  JERSEY VILLAGE  77040 UNITED STATES OF AMERICA,https://ers-dev.ds.qa.everstream.ai/er/bestmatch,1
TRINITY RAIL SABINAS S DE R.L DE,CARR. 57 KM 108+200 (AUTOPISTA PIEDRAS NEGRAS)    EJIDO EL MEZQUITE SABINAS COAH.  26790 UNITED STATES OF AMERICA,https://ers-dev.ds.qa.everstream.ai/er/bestmatch,1
DANE SYSTEMS,RED ARROW HIGHWAY  7275  STEVENSVILLE  49127 UNITED STATES OF AMERICA,https://ers-dev.ds.qa.everstream.ai/er/bestmatch,1
CRH NORTH AMERICA,7 TH STREET SOUTH  2541  CLANTON ALABAMA  35045 UNITED STATES OF AMERICA,https://ers-dev.ds.qa.everstream.ai/er/bestmatch,1
SAN ANTONIO FROZEN VEGETABLESINC,W.RHAPSODY  306  SAN ANTONIO  78216 UNITED STATES OF AMERICA,https://ers-dev.ds.qa.everstream.ai/er/bestmatch,1
COMPOSHOES,COLOMBIA,https://ers-dev.ds.qa.everstream.ai/er/bestmatch,1
HUNTINGTON SOLUTIONS DE MEXICO S DE RL DE,AVENIDA KALOS  104  GUADALUPE  67205 UNITED STATES OF AMERICA,https://ers-dev.ds.qa.everstream.ai/er/bestmatch,1
BOMBARDIER,COTE-VERTU RD WEST  400  DORVAL, QUEBEC  H4S1Y9 CANADA,https://ers-dev.ds.qa.everstream.ai/er/bestmatch,1
EMERSON HERMETIC MOTOR A DIVISION OF EMERSON ELECTRIC,W. FLORISSANT AVE.  8100  ST.LOUIS, MO  63136 UNITED STATES OF AMERICA,https://ers-dev.ds.qa.everstream.ai/er/bestmatch,1
